{"Bee Gees - Stayin' Alive (Official Music Video)": {"hue": [0, 0, 8, 13, 14, 12, 11, 10, 23, 33, 36, 12, 9, 225, 134, 23, 20, 13, 16, 50, 17, 13, 25, 34, 171, 10, 13, 11, 12, 26, 23, 23, 14, 10, 27, 9, 8, 24, 9, 10, 10, 10, 13, 9, 160, 171, 158, 138, 132, 113, 6, 16, 16, 255, 19, 30, 45, 20, 9, 29, 93, 72, 19, 41, 12, 6, 13, 9, 10, 6, 23, 8, 15, 6, 8, 8, 8, 6, 8, 8, 8, 12, 8, 8, 8, 6, 8, 129, 138, 136, 121, 107, 6, 13, 38, 16, 7, 10, 51, 10, 63, 9, 52, 8, 16, 61, 6, 26, 47, 10, 71, 7, 33, 8, 106, 110, 6, 10, 32, 50, 6, 10, 27, 28, 6, 10, 11, 6, 24, 6, 10, 6, 11, 8, 8, 6, 8, 8, 8, 6, 8, 8, 8, 6, 8, 8, 8, 6, 108, 118, 164, 108, 125, 126, 6, 6, 28, 15, 6, 36, 27, 20, 65, 6, 21, 14, 19, 23, 6, 10, 16, 24, 10, 46, 137, 27, 6, 30, 70, 92, 7, 13, 37, 17, 65, 6, 26, 50, 31, 36, 6, 28, 21, 11, 23, 30, 55, 21, 6, 30, 70, 107, 6, 10, 22, 10, 56, 6, 22, 50, 15, 16, 6, 10, 0], "brightness": [0, 67, 91, 90, 92, 94, 94, 92, 93, 93, 90, 91, 91, 97, 97, 95, 96, 96, 96, 96, 97, 94, 96, 94, 95, 95, 95, 92, 95, 91, 93, 95, 94, 96, 97, 96, 95, 93, 93, 96, 95, 92, 94, 95, 94, 100, 96, 97, 95, 95, 97, 97, 92, 92, 93, 94, 96, 95, 96, 97, 96, 95, 95, 91, 96, 94, 96, 95, 94, 96, 92, 93, 96, 94, 95, 95, 97, 96, 94, 95, 98, 97, 96, 96, 95, 91, 98, 97, 99, 99, 97, 97, 94, 95, 93, 92, 94, 94, 94, 94, 95, 94, 94, 96, 98, 92, 94, 95, 96, 92, 95, 94, 95, 91, 96, 94, 93, 94, 97, 94, 93, 94, 94, 94, 92, 93, 94, 93, 92, 95, 96, 96, 96, 94, 97, 96, 96, 95, 97, 97, 94, 93, 96, 94, 95, 93, 96, 93, 94, 97, 95, 97, 97, 96, 90, 98, 92, 91, 90, 94, 94, 91, 96, 94, 95, 96, 96, 94, 91, 94, 93, 94, 96, 95, 99, 96, 97, 96, 93, 94, 94, 92, 93, 91, 96, 96, 96, 96, 98, 97, 95, 92, 96, 93, 91, 96, 97, 96, 95, 95, 96, 97, 96, 93, 96, 93, 97, 95, 99, 98, 95, 90, 78, 51, 0], "state_time": 1.160781732848178, "total_time_length": 249.56807256235828, "beats": [1.509297052154195, 2.1130158730158732, 2.693514739229025, 3.274013605442177, 3.8545124716553287, 4.435011337868481, 5.015510204081632, 5.596009070294785, 6.176507936507937, 6.757006802721088, 7.337505668934241, 7.894784580498866, 8.475283446712018, 9.05578231292517, 9.659501133786849, 10.24, 10.820498866213152, 11.400997732426303, 11.95827664399093, 12.538775510204081, 13.119274376417234, 13.699773242630386, 14.280272108843537, 14.86077097505669, 15.441269841269841, 16.021768707482995, 16.602267573696146, 17.182766439909297, 17.76326530612245, 18.3437641723356, 18.92426303854875, 19.504761904761907, 20.085260770975058, 20.66575963718821, 21.24625850340136, 21.826757369614512, 22.407256235827663, 22.987755102040815, 23.56825396825397, 24.14875283446712, 24.729251700680273, 25.309750566893424, 25.890249433106575, 26.470748299319727, 27.051247165532878, 27.631746031746033, 28.212244897959184, 28.792743764172336, 29.373242630385487, 29.95374149659864, 30.53424036281179, 31.114739229024945, 31.695238095238096, 32.275736961451244, 32.8562358276644, 33.41351473922902, 34.0172335600907, 34.59773242630386, 35.178231292517005, 35.735510204081635, 36.33922902494331, 36.91972789115646, 37.50022675736962, 38.080725623582765, 38.638004535147395, 39.21850340136054, 39.7990022675737, 40.379501133786846, 40.96, 41.54049886621315, 42.120997732426304, 42.70149659863946, 43.281995464852606, 43.86249433106576, 44.44299319727891, 45.023492063492064, 45.60399092970521, 46.18448979591837, 46.76498866213152, 47.34548752834467, 47.925986394557825, 48.50648526077097, 49.08698412698413, 49.66748299319728, 50.24798185941043, 50.828480725623585, 51.40897959183673, 51.98947845804989, 52.569977324263036, 53.15047619047619, 53.730975056689346, 54.31147392290249, 54.89197278911565, 55.472471655328796, 56.05297052154195, 56.6334693877551, 57.213968253968254, 57.79446712018141, 58.35174603174603, 58.95546485260771, 59.53596371882086, 60.116462585034014, 60.67374149659864, 61.25424036281179, 61.83473922902494, 62.415238095238095, 62.99573696145125, 63.5762358276644, 64.15673469387755, 64.7372335600907, 65.31773242630385, 65.89823129251701, 66.47873015873016, 67.0592290249433, 67.63972789115647, 68.22022675736962, 68.80072562358276, 69.38122448979591, 69.96172335600907, 70.54222222222222, 71.12272108843537, 71.70321995464853, 72.28371882086168, 72.86421768707483, 73.44471655328798, 74.02521541950114, 74.60571428571428, 75.18621315192743, 75.7667120181406, 76.34721088435374, 76.92770975056689, 77.50820861678004, 78.0887074829932, 78.66920634920635, 79.2497052154195, 79.83020408163266, 80.4107029478458, 80.99120181405895, 81.57170068027212, 82.15219954648526, 82.73269841269841, 83.31319727891156, 83.89369614512472, 84.45097505668934, 85.05469387755102, 85.63519274376418, 86.21569160997733, 86.79619047619047, 87.3534693877551, 87.93396825396826, 88.51446712018141, 89.09496598639456, 89.6754648526077, 90.25596371882087, 90.83646258503401, 91.41696145124716, 91.99746031746032, 92.57795918367347, 93.15845804988662, 93.73895691609977, 94.31945578231293, 94.89995464852608, 95.48045351473922, 96.06095238095239, 96.64145124716553, 97.22195011337868, 97.80244897959183, 98.38294784580499, 98.96344671201814, 99.54394557823129, 100.12444444444445, 100.7049433106576, 101.28544217687075, 101.8659410430839, 102.44643990929706, 103.0269387755102, 103.60743764172335, 104.18793650793651, 104.76843537414966, 105.34893424036281, 105.92943310657597, 106.50993197278912, 107.09043083900227, 107.67092970521541, 108.25142857142858, 108.83192743764172, 109.41242630385487, 109.99292517006803, 110.57342403628118, 111.15392290249433, 111.73442176870748, 112.31492063492064, 112.89541950113379, 113.47591836734694, 114.0564172335601, 114.63691609977325, 115.21741496598639, 115.79791383219954, 116.3784126984127, 116.93569160997733, 117.51619047619047, 118.09668934240362, 118.67718820861678, 119.25768707482993, 119.8614058956916, 120.44190476190477, 121.02240362811791, 121.60290249433106, 122.16018140589568, 122.74068027210885, 123.321179138322, 123.90167800453514, 124.4821768707483, 125.06267573696145, 125.6431746031746, 126.22367346938775, 126.80417233560091, 127.38467120181406, 127.9651700680272, 128.54566893424035, 129.12616780045352, 129.70666666666668, 130.2871655328798, 130.86766439909297, 131.44816326530614, 132.02866213151927, 132.60916099773243, 133.18965986394556, 133.77015873015873, 134.3506575963719, 134.93115646258502, 135.51165532879818, 136.09215419501135, 136.67265306122448, 137.25315192743764, 137.8336507936508, 138.41414965986394, 138.9946485260771, 139.57514739229026, 140.1556462585034, 140.73614512471656, 141.3166439909297, 141.89714285714285, 142.47764172335602, 143.05814058956915, 143.6386394557823, 144.21913832199547, 144.7996371882086, 145.38013605442177, 145.96063492063493, 146.51791383219955, 147.0984126984127, 147.67891156462585, 148.28263038548752, 148.86312925170068, 149.44362811791385, 150.00090702947847, 150.5814058956916, 151.16190476190476, 151.74240362811793, 152.32290249433106, 152.90340136054422, 153.48390022675736, 154.06439909297052, 154.64489795918368, 155.2253968253968, 155.80589569160998, 156.38639455782314, 156.9901133786848, 157.57061224489797, 158.1511111111111, 158.70839002267573, 159.2888888888889, 159.86938775510205, 160.4498866213152, 161.03038548752835, 161.61088435374148, 162.19138321995464, 162.7718820861678, 163.35238095238094, 163.9328798185941, 164.51337868480726, 165.0938775510204, 165.67437641723356, 166.25487528344672, 166.83537414965986, 167.41587301587302, 167.99637188208618, 168.5768707482993, 169.15736961451248, 169.73786848072564, 170.31836734693877, 170.89886621315193, 171.47936507936507, 172.05986394557823, 172.6403628117914, 173.22086167800452, 173.8013605442177, 174.38185941043085, 174.96235827664398, 175.54285714285714, 176.1233560090703, 176.70385487528344, 177.2843537414966, 177.86485260770976, 178.4453514739229, 179.02585034013606, 179.6063492063492, 180.18684807256236, 180.76734693877552, 181.34784580498865, 181.90512471655327, 182.48562358276644, 183.0661224489796, 183.64662131519273, 184.2271201814059, 184.83083900226757, 185.3881179138322, 